{
  "projectSetting": {
    "modules": {
      "cache": {
        "Audio": {
          "value": true
        },
        "Core": {
          "value": true
        },
        "Graphcis API": {
          "value": true
        },
        "Particle System": {
          "value": true
        },
        "Physics": {
          "option": 0,
          "value": true
        },
        "Terrain": {
          "value": false
        },
        "Tween": {
          "value": false
        },
        "UI": {
          "value": true
        },
        "WebGL 1.0": {
          "value": true
        },
        "WebGL 2.0": {
          "value": true
        }
      },
      "includeModules": [
        "base",
        "gfx-webgl",
        "gfx-webgl2",
        "ui",
        "particle",
        "physics-cannon",
        "physics-framework",
        "audio"
      ]
    }
  }
}
