[
  {
    "__type__": "cc.Prefab",
    "_name": "",
    "_objFlags": 0,
    "_native": "",
    "data": {
      "__id__": 1
    },
    "optimizationPolicy": 0,
    "asyncLoadAssets": false
  },
  {
    "__type__": "cc.Node",
    "_name": "Particle System",
    "_objFlags": 0,
    "_parent": null,
    "_children": [],
    "_active": true,
    "_components": [
      {
        "__id__": 2
      }
    ],
    "_prefab": {
      "__id__": 60
    },
    "_lpos": {
      "__type__": "cc.Vec3",
      "x": 0,
      "y": 0,
      "z": 0
    },
    "_lrot": {
      "__type__": "cc.Quat",
      "x": 0.7071067811865475,
      "y": 0,
      "z": 0,
      "w": 0.7071067811865476
    },
    "_lscale": {
      "__type__": "cc.Vec3",
      "x": 1,
      "y": 1,
      "z": 1
    },
    "_layer": 1073741824,
    "_euler": {
      "__type__": "cc.Vec3",
      "x": 90,
      "y": 0,
      "z": 0
    },
    "_id": ""
  },
  {
    "__type__": "cc.ParticleSystemComponent",
    "_name": "",
    "_objFlags": 0,
    "node": {
      "__id__": 1
    },
    "_enabled": true,
    "_materials": [
      {
        "__uuid__": "ea7478b0-408d-4052-b703-f0d2355e095f"
      }
    ],
    "_visFlags": 0,
    "startColor": {
      "__id__": 3
    },
    "scaleSpace": 1,
    "startSize": {
      "__id__": 7
    },
    "startSpeed": {
      "__id__": 8
    },
    "startRotation": {
      "__id__": 9
    },
    "startDelay": {
      "__id__": 10
    },
    "startLifetime": {
      "__id__": 11
    },
    "duration": 5,
    "loop": true,
    "simulationSpeed": 1,
    "playOnAwake": true,
    "gravityModifier": {
      "__id__": 12
    },
    "rateOverTime": {
      "__id__": 13
    },
    "rateOverDistance": {
      "__id__": 14
    },
    "bursts": [],
    "colorOverLifetimeModule": {
      "__id__": 15
    },
    "shapeModule": {
      "__id__": 20
    },
    "sizeOvertimeModule": {
      "__id__": 22
    },
    "velocityOvertimeModule": {
      "__id__": 27
    },
    "forceOvertimeModule": {
      "__id__": 32
    },
    "limitVelocityOvertimeModule": {
      "__id__": 36
    },
    "rotationOvertimeModule": {
      "__id__": 41
    },
    "textureAnimationModule": {
      "__id__": 45
    },
    "trailModule": {
      "__id__": 48
    },
    "renderer": {
      "__id__": 59
    },
    "_prewarm": false,
    "_capacity": 100,
    "_simulationSpace": 1,
    "_id": ""
  },
  {
    "__type__": "cc.GradientRange",
    "color": {
      "__type__": "cc.Color",
      "r": 255,
      "g": 255,
      "b": 255,
      "a": 255
    },
    "colorMin": {
      "__type__": "cc.Color",
      "r": 255,
      "g": 255,
      "b": 255,
      "a": 255
    },
    "colorMax": {
      "__type__": "cc.Color",
      "r": 255,
      "g": 255,
      "b": 255,
      "a": 255
    },
    "gradient": {
      "__id__": 4
    },
    "gradientMin": {
      "__id__": 5
    },
    "gradientMax": {
      "__id__": 6
    },
    "_mode": 0
  },
  {
    "__type__": "cc.Gradient",
    "colorKeys": [],
    "alphaKeys": [],
    "mode": 0
  },
  {
    "__type__": "cc.Gradient",
    "colorKeys": [],
    "alphaKeys": [],
    "mode": 0
  },
  {
    "__type__": "cc.Gradient",
    "colorKeys": [],
    "alphaKeys": [],
    "mode": 0
  },
  {
    "__type__": "cc.CurveRange",
    "mode": 0,
    "curve": {
      "__type__": "cc.AnimationCurve",
      "preWrapMode": 2,
      "postWrapMode": 2,
      "keyFrames": [
        {
          "time": 0,
          "value": 1,
          "inTangent": 0,
          "outTangent": 0
        },
        {
          "time": 1,
          "value": 1,
          "inTangent": 0,
          "outTangent": 0
        }
      ]
    },
    "curveMin": {
      "__type__": "cc.AnimationCurve",
      "preWrapMode": 2,
      "postWrapMode": 2,
      "keyFrames": [
        {
          "time": 0,
          "value": 1,
          "inTangent": 0,
          "outTangent": 0
        },
        {
          "time": 1,
          "value": 1,
          "inTangent": 0,
          "outTangent": 0
        }
      ]
    },
    "curveMax": {
      "__type__": "cc.AnimationCurve",
      "preWrapMode": 2,
      "postWrapMode": 2,
      "keyFrames": [
        {
          "time": 0,
          "value": 1,
          "inTangent": 0,
          "outTangent": 0
        },
        {
          "time": 1,
          "value": 1,
          "inTangent": 0,
          "outTangent": 0
        }
      ]
    },
    "constant": 1,
    "constantMin": 0,
    "constantMax": 0,
    "multiplier": 1
  },
  {
    "__type__": "cc.CurveRange",
    "mode": 0,
    "curve": {
      "__type__": "cc.AnimationCurve",
      "preWrapMode": 2,
      "postWrapMode": 2,
      "keyFrames": [
        {
          "time": 0,
          "value": 1,
          "inTangent": 0,
          "outTangent": 0
        },
        {
          "time": 1,
          "value": 1,
          "inTangent": 0,
          "outTangent": 0
        }
      ]
    },
    "curveMin": {
      "__type__": "cc.AnimationCurve",
      "preWrapMode": 2,
      "postWrapMode": 2,
      "keyFrames": [
        {
          "time": 0,
          "value": 1,
          "inTangent": 0,
          "outTangent": 0
        },
        {
          "time": 1,
          "value": 1,
          "inTangent": 0,
          "outTangent": 0
        }
      ]
    },
    "curveMax": {
      "__type__": "cc.AnimationCurve",
      "preWrapMode": 2,
      "postWrapMode": 2,
      "keyFrames": [
        {
          "time": 0,
          "value": 1,
          "inTangent": 0,
          "outTangent": 0
        },
        {
          "time": 1,
          "value": 1,
          "inTangent": 0,
          "outTangent": 0
        }
      ]
    },
    "constant": 5,
    "constantMin": 0,
    "constantMax": 0,
    "multiplier": 1
  },
  {
    "__type__": "cc.CurveRange",
    "mode": 0,
    "curve": {
      "__type__": "cc.AnimationCurve",
      "preWrapMode": 2,
      "postWrapMode": 2,
      "keyFrames": [
        {
          "time": 0,
          "value": 1,
          "inTangent": 0,
          "outTangent": 0
        },
        {
          "time": 1,
          "value": 1,
          "inTangent": 0,
          "outTangent": 0
        }
      ]
    },
    "curveMin": {
      "__type__": "cc.AnimationCurve",
      "preWrapMode": 2,
      "postWrapMode": 2,
      "keyFrames": [
        {
          "time": 0,
          "value": 1,
          "inTangent": 0,
          "outTangent": 0
        },
        {
          "time": 1,
          "value": 1,
          "inTangent": 0,
          "outTangent": 0
        }
      ]
    },
    "curveMax": {
      "__type__": "cc.AnimationCurve",
      "preWrapMode": 2,
      "postWrapMode": 2,
      "keyFrames": [
        {
          "time": 0,
          "value": 1,
          "inTangent": 0,
          "outTangent": 0
        },
        {
          "time": 1,
          "value": 1,
          "inTangent": 0,
          "outTangent": 0
        }
      ]
    },
    "constant": 0,
    "constantMin": 0,
    "constantMax": 0,
    "multiplier": 1
  },
  {
    "__type__": "cc.CurveRange",
    "mode": 0,
    "curve": {
      "__type__": "cc.AnimationCurve",
      "preWrapMode": 2,
      "postWrapMode": 2,
      "keyFrames": [
        {
          "time": 0,
          "value": 1,
          "inTangent": 0,
          "outTangent": 0
        },
        {
          "time": 1,
          "value": 1,
          "inTangent": 0,
          "outTangent": 0
        }
      ]
    },
    "curveMin": {
      "__type__": "cc.AnimationCurve",
      "preWrapMode": 2,
      "postWrapMode": 2,
      "keyFrames": [
        {
          "time": 0,
          "value": 1,
          "inTangent": 0,
          "outTangent": 0
        },
        {
          "time": 1,
          "value": 1,
          "inTangent": 0,
          "outTangent": 0
        }
      ]
    },
    "curveMax": {
      "__type__": "cc.AnimationCurve",
      "preWrapMode": 2,
      "postWrapMode": 2,
      "keyFrames": [
        {
          "time": 0,
          "value": 1,
          "inTangent": 0,
          "outTangent": 0
        },
        {
          "time": 1,
          "value": 1,
          "inTangent": 0,
          "outTangent": 0
        }
      ]
    },
    "constant": 0,
    "constantMin": 0,
    "constantMax": 0,
    "multiplier": 1
  },
  {
    "__type__": "cc.CurveRange",
    "mode": 0,
    "curve": {
      "__type__": "cc.AnimationCurve",
      "preWrapMode": 2,
      "postWrapMode": 2,
      "keyFrames": [
        {
          "time": 0,
          "value": 1,
          "inTangent": 0,
          "outTangent": 0
        },
        {
          "time": 1,
          "value": 1,
          "inTangent": 0,
          "outTangent": 0
        }
      ]
    },
    "curveMin": {
      "__type__": "cc.AnimationCurve",
      "preWrapMode": 2,
      "postWrapMode": 2,
      "keyFrames": [
        {
          "time": 0,
          "value": 1,
          "inTangent": 0,
          "outTangent": 0
        },
        {
          "time": 1,
          "value": 1,
          "inTangent": 0,
          "outTangent": 0
        }
      ]
    },
    "curveMax": {
      "__type__": "cc.AnimationCurve",
      "preWrapMode": 2,
      "postWrapMode": 2,
      "keyFrames": [
        {
          "time": 0,
          "value": 1,
          "inTangent": 0,
          "outTangent": 0
        },
        {
          "time": 1,
          "value": 1,
          "inTangent": 0,
          "outTangent": 0
        }
      ]
    },
    "constant": 5,
    "constantMin": 0,
    "constantMax": 0,
    "multiplier": 1
  },
  {
    "__type__": "cc.CurveRange",
    "mode": 0,
    "curve": {
      "__type__": "cc.AnimationCurve",
      "preWrapMode": 2,
      "postWrapMode": 2,
      "keyFrames": [
        {
          "time": 0,
          "value": 1,
          "inTangent": 0,
          "outTangent": 0
        },
        {
          "time": 1,
          "value": 1,
          "inTangent": 0,
          "outTangent": 0
        }
      ]
    },
    "curveMin": {
      "__type__": "cc.AnimationCurve",
      "preWrapMode": 2,
      "postWrapMode": 2,
      "keyFrames": [
        {
          "time": 0,
          "value": 1,
          "inTangent": 0,
          "outTangent": 0
        },
        {
          "time": 1,
          "value": 1,
          "inTangent": 0,
          "outTangent": 0
        }
      ]
    },
    "curveMax": {
      "__type__": "cc.AnimationCurve",
      "preWrapMode": 2,
      "postWrapMode": 2,
      "keyFrames": [
        {
          "time": 0,
          "value": 1,
          "inTangent": 0,
          "outTangent": 0
        },
        {
          "time": 1,
          "value": 1,
          "inTangent": 0,
          "outTangent": 0
        }
      ]
    },
    "constant": 0,
    "constantMin": 0,
    "constantMax": 0,
    "multiplier": 1
  },
  {
    "__type__": "cc.CurveRange",
    "mode": 0,
    "curve": {
      "__type__": "cc.AnimationCurve",
      "preWrapMode": 2,
      "postWrapMode": 2,
      "keyFrames": [
        {
          "time": 0,
          "value": 1,
          "inTangent": 0,
          "outTangent": 0
        },
        {
          "time": 1,
          "value": 1,
          "inTangent": 0,
          "outTangent": 0
        }
      ]
    },
    "curveMin": {
      "__type__": "cc.AnimationCurve",
      "preWrapMode": 2,
      "postWrapMode": 2,
      "keyFrames": [
        {
          "time": 0,
          "value": 1,
          "inTangent": 0,
          "outTangent": 0
        },
        {
          "time": 1,
          "value": 1,
          "inTangent": 0,
          "outTangent": 0
        }
      ]
    },
    "curveMax": {
      "__type__": "cc.AnimationCurve",
      "preWrapMode": 2,
      "postWrapMode": 2,
      "keyFrames": [
        {
          "time": 0,
          "value": 1,
          "inTangent": 0,
          "outTangent": 0
        },
        {
          "time": 1,
          "value": 1,
          "inTangent": 0,
          "outTangent": 0
        }
      ]
    },
    "constant": 10,
    "constantMin": 0,
    "constantMax": 0,
    "multiplier": 1
  },
  {
    "__type__": "cc.CurveRange",
    "mode": 0,
    "curve": {
      "__type__": "cc.AnimationCurve",
      "preWrapMode": 2,
      "postWrapMode": 2,
      "keyFrames": [
        {
          "time": 0,
          "value": 1,
          "inTangent": 0,
          "outTangent": 0
        },
        {
          "time": 1,
          "value": 1,
          "inTangent": 0,
          "outTangent": 0
        }
      ]
    },
    "curveMin": {
      "__type__": "cc.AnimationCurve",
      "preWrapMode": 2,
      "postWrapMode": 2,
      "keyFrames": [
        {
          "time": 0,
          "value": 1,
          "inTangent": 0,
          "outTangent": 0
        },
        {
          "time": 1,
          "value": 1,
          "inTangent": 0,
          "outTangent": 0
        }
      ]
    },
    "curveMax": {
      "__type__": "cc.AnimationCurve",
      "preWrapMode": 2,
      "postWrapMode": 2,
      "keyFrames": [
        {
          "time": 0,
          "value": 1,
          "inTangent": 0,
          "outTangent": 0
        },
        {
          "time": 1,
          "value": 1,
          "inTangent": 0,
          "outTangent": 0
        }
      ]
    },
    "constant": 0,
    "constantMin": 0,
    "constantMax": 0,
    "multiplier": 1
  },
  {
    "__type__": "cc.ColorOvertimeModule",
    "enable": false,
    "color": {
      "__id__": 16
    },
    "_enable": false
  },
  {
    "__type__": "cc.GradientRange",
    "color": {
      "__type__": "cc.Color",
      "r": 255,
      "g": 255,
      "b": 255,
      "a": 255
    },
    "colorMin": {
      "__type__": "cc.Color",
      "r": 255,
      "g": 255,
      "b": 255,
      "a": 255
    },
    "colorMax": {
      "__type__": "cc.Color",
      "r": 255,
      "g": 255,
      "b": 255,
      "a": 255
    },
    "gradient": {
      "__id__": 17
    },
    "gradientMin": {
      "__id__": 18
    },
    "gradientMax": {
      "__id__": 19
    },
    "_mode": 0
  },
  {
    "__type__": "cc.Gradient",
    "colorKeys": [],
    "alphaKeys": [],
    "mode": 0
  },
  {
    "__type__": "cc.Gradient",
    "colorKeys": [],
    "alphaKeys": [],
    "mode": 0
  },
  {
    "__type__": "cc.Gradient",
    "colorKeys": [],
    "alphaKeys": [],
    "mode": 0
  },
  {
    "__type__": "cc.ShapeModule",
    "enable": true,
    "shapeType": 2,
    "emitFrom": 0,
    "alignToDirection": false,
    "randomDirectionAmount": 0,
    "sphericalDirectionAmount": 0,
    "randomPositionAmount": 0,
    "radius": 1,
    "radiusThickness": 1,
    "arcMode": 0,
    "arcSpread": 0,
    "arcSpeed": {
      "__id__": 21
    },
    "length": 5,
    "boxThickness": {
      "__type__": "cc.Vec3",
      "x": 0,
      "y": 0,
      "z": 0
    },
    "_position": {
      "__type__": "cc.Vec3",
      "x": 0,
      "y": 0,
      "z": 0
    },
    "_rotation": {
      "__type__": "cc.Vec3",
      "x": 0,
      "y": 0,
      "z": 0
    },
    "_scale": {
      "__type__": "cc.Vec3",
      "x": 1,
      "y": 1,
      "z": 1
    },
    "_arc": 6.283185307179586,
    "_angle": 0.4363323129985824,
    "_enable": true
  },
  {
    "__type__": "cc.CurveRange",
    "mode": 0,
    "curve": {
      "__type__": "cc.AnimationCurve",
      "preWrapMode": 2,
      "postWrapMode": 2,
      "keyFrames": [
        {
          "time": 0,
          "value": 1,
          "inTangent": 0,
          "outTangent": 0
        },
        {
          "time": 1,
          "value": 1,
          "inTangent": 0,
          "outTangent": 0
        }
      ]
    },
    "curveMin": {
      "__type__": "cc.AnimationCurve",
      "preWrapMode": 2,
      "postWrapMode": 2,
      "keyFrames": [
        {
          "time": 0,
          "value": 1,
          "inTangent": 0,
          "outTangent": 0
        },
        {
          "time": 1,
          "value": 1,
          "inTangent": 0,
          "outTangent": 0
        }
      ]
    },
    "curveMax": {
      "__type__": "cc.AnimationCurve",
      "preWrapMode": 2,
      "postWrapMode": 2,
      "keyFrames": [
        {
          "time": 0,
          "value": 1,
          "inTangent": 0,
          "outTangent": 0
        },
        {
          "time": 1,
          "value": 1,
          "inTangent": 0,
          "outTangent": 0
        }
      ]
    },
    "constant": 1,
    "constantMin": 0,
    "constantMax": 0,
    "multiplier": 1
  },
  {
    "__type__": "cc.SizeOvertimeModule",
    "enable": false,
    "separateAxes": false,
    "size": {
      "__id__": 23
    },
    "x": {
      "__id__": 24
    },
    "y": {
      "__id__": 25
    },
    "z": {
      "__id__": 26
    },
    "_enable": false
  },
  {
    "__type__": "cc.CurveRange",
    "mode": 0,
    "curve": {
      "__type__": "cc.AnimationCurve",
      "preWrapMode": 2,
      "postWrapMode": 2,
      "keyFrames": [
        {
          "time": 0,
          "value": 1,
          "inTangent": 0,
          "outTangent": 0
        },
        {
          "time": 1,
          "value": 1,
          "inTangent": 0,
          "outTangent": 0
        }
      ]
    },
    "curveMin": {
      "__type__": "cc.AnimationCurve",
      "preWrapMode": 2,
      "postWrapMode": 2,
      "keyFrames": [
        {
          "time": 0,
          "value": 1,
          "inTangent": 0,
          "outTangent": 0
        },
        {
          "time": 1,
          "value": 1,
          "inTangent": 0,
          "outTangent": 0
        }
      ]
    },
    "curveMax": {
      "__type__": "cc.AnimationCurve",
      "preWrapMode": 2,
      "postWrapMode": 2,
      "keyFrames": [
        {
          "time": 0,
          "value": 1,
          "inTangent": 0,
          "outTangent": 0
        },
        {
          "time": 1,
          "value": 1,
          "inTangent": 0,
          "outTangent": 0
        }
      ]
    },
    "constant": 0,
    "constantMin": 0,
    "constantMax": 0,
    "multiplier": 1
  },
  {
    "__type__": "cc.CurveRange",
    "mode": 0,
    "curve": {
      "__type__": "cc.AnimationCurve",
      "preWrapMode": 2,
      "postWrapMode": 2,
      "keyFrames": [
        {
          "time": 0,
          "value": 1,
          "inTangent": 0,
          "outTangent": 0
        },
        {
          "time": 1,
          "value": 1,
          "inTangent": 0,
          "outTangent": 0
        }
      ]
    },
    "curveMin": {
      "__type__": "cc.AnimationCurve",
      "preWrapMode": 2,
      "postWrapMode": 2,
      "keyFrames": [
        {
          "time": 0,
          "value": 1,
          "inTangent": 0,
          "outTangent": 0
        },
        {
          "time": 1,
          "value": 1,
          "inTangent": 0,
          "outTangent": 0
        }
      ]
    },
    "curveMax": {
      "__type__": "cc.AnimationCurve",
      "preWrapMode": 2,
      "postWrapMode": 2,
      "keyFrames": [
        {
          "time": 0,
          "value": 1,
          "inTangent": 0,
          "outTangent": 0
        },
        {
          "time": 1,
          "value": 1,
          "inTangent": 0,
          "outTangent": 0
        }
      ]
    },
    "constant": 0,
    "constantMin": 0,
    "constantMax": 0,
    "multiplier": 1
  },
  {
    "__type__": "cc.CurveRange",
    "mode": 0,
    "curve": {
      "__type__": "cc.AnimationCurve",
      "preWrapMode": 2,
      "postWrapMode": 2,
      "keyFrames": [
        {
          "time": 0,
          "value": 1,
          "inTangent": 0,
          "outTangent": 0
        },
        {
          "time": 1,
          "value": 1,
          "inTangent": 0,
          "outTangent": 0
        }
      ]
    },
    "curveMin": {
      "__type__": "cc.AnimationCurve",
      "preWrapMode": 2,
      "postWrapMode": 2,
      "keyFrames": [
        {
          "time": 0,
          "value": 1,
          "inTangent": 0,
          "outTangent": 0
        },
        {
          "time": 1,
          "value": 1,
          "inTangent": 0,
          "outTangent": 0
        }
      ]
    },
    "curveMax": {
      "__type__": "cc.AnimationCurve",
      "preWrapMode": 2,
      "postWrapMode": 2,
      "keyFrames": [
        {
          "time": 0,
          "value": 1,
          "inTangent": 0,
          "outTangent": 0
        },
        {
          "time": 1,
          "value": 1,
          "inTangent": 0,
          "outTangent": 0
        }
      ]
    },
    "constant": 0,
    "constantMin": 0,
    "constantMax": 0,
    "multiplier": 1
  },
  {
    "__type__": "cc.CurveRange",
    "mode": 0,
    "curve": {
      "__type__": "cc.AnimationCurve",
      "preWrapMode": 2,
      "postWrapMode": 2,
      "keyFrames": [
        {
          "time": 0,
          "value": 1,
          "inTangent": 0,
          "outTangent": 0
        },
        {
          "time": 1,
          "value": 1,
          "inTangent": 0,
          "outTangent": 0
        }
      ]
    },
    "curveMin": {
      "__type__": "cc.AnimationCurve",
      "preWrapMode": 2,
      "postWrapMode": 2,
      "keyFrames": [
        {
          "time": 0,
          "value": 1,
          "inTangent": 0,
          "outTangent": 0
        },
        {
          "time": 1,
          "value": 1,
          "inTangent": 0,
          "outTangent": 0
        }
      ]
    },
    "curveMax": {
      "__type__": "cc.AnimationCurve",
      "preWrapMode": 2,
      "postWrapMode": 2,
      "keyFrames": [
        {
          "time": 0,
          "value": 1,
          "inTangent": 0,
          "outTangent": 0
        },
        {
          "time": 1,
          "value": 1,
          "inTangent": 0,
          "outTangent": 0
        }
      ]
    },
    "constant": 0,
    "constantMin": 0,
    "constantMax": 0,
    "multiplier": 1
  },
  {
    "__type__": "cc.VelocityOvertimeModule",
    "enable": false,
    "x": {
      "__id__": 28
    },
    "y": {
      "__id__": 29
    },
    "z": {
      "__id__": 30
    },
    "speedModifier": {
      "__id__": 31
    },
    "space": 1,
    "_enable": false
  },
  {
    "__type__": "cc.CurveRange",
    "mode": 0,
    "curve": {
      "__type__": "cc.AnimationCurve",
      "preWrapMode": 2,
      "postWrapMode": 2,
      "keyFrames": [
        {
          "time": 0,
          "value": 1,
          "inTangent": 0,
          "outTangent": 0
        },
        {
          "time": 1,
          "value": 1,
          "inTangent": 0,
          "outTangent": 0
        }
      ]
    },
    "curveMin": {
      "__type__": "cc.AnimationCurve",
      "preWrapMode": 2,
      "postWrapMode": 2,
      "keyFrames": [
        {
          "time": 0,
          "value": 1,
          "inTangent": 0,
          "outTangent": 0
        },
        {
          "time": 1,
          "value": 1,
          "inTangent": 0,
          "outTangent": 0
        }
      ]
    },
    "curveMax": {
      "__type__": "cc.AnimationCurve",
      "preWrapMode": 2,
      "postWrapMode": 2,
      "keyFrames": [
        {
          "time": 0,
          "value": 1,
          "inTangent": 0,
          "outTangent": 0
        },
        {
          "time": 1,
          "value": 1,
          "inTangent": 0,
          "outTangent": 0
        }
      ]
    },
    "constant": 0,
    "constantMin": 0,
    "constantMax": 0,
    "multiplier": 1
  },
  {
    "__type__": "cc.CurveRange",
    "mode": 0,
    "curve": {
      "__type__": "cc.AnimationCurve",
      "preWrapMode": 2,
      "postWrapMode": 2,
      "keyFrames": [
        {
          "time": 0,
          "value": 1,
          "inTangent": 0,
          "outTangent": 0
        },
        {
          "time": 1,
          "value": 1,
          "inTangent": 0,
          "outTangent": 0
        }
      ]
    },
    "curveMin": {
      "__type__": "cc.AnimationCurve",
      "preWrapMode": 2,
      "postWrapMode": 2,
      "keyFrames": [
        {
          "time": 0,
          "value": 1,
          "inTangent": 0,
          "outTangent": 0
        },
        {
          "time": 1,
          "value": 1,
          "inTangent": 0,
          "outTangent": 0
        }
      ]
    },
    "curveMax": {
      "__type__": "cc.AnimationCurve",
      "preWrapMode": 2,
      "postWrapMode": 2,
      "keyFrames": [
        {
          "time": 0,
          "value": 1,
          "inTangent": 0,
          "outTangent": 0
        },
        {
          "time": 1,
          "value": 1,
          "inTangent": 0,
          "outTangent": 0
        }
      ]
    },
    "constant": 0,
    "constantMin": 0,
    "constantMax": 0,
    "multiplier": 1
  },
  {
    "__type__": "cc.CurveRange",
    "mode": 0,
    "curve": {
      "__type__": "cc.AnimationCurve",
      "preWrapMode": 2,
      "postWrapMode": 2,
      "keyFrames": [
        {
          "time": 0,
          "value": 1,
          "inTangent": 0,
          "outTangent": 0
        },
        {
          "time": 1,
          "value": 1,
          "inTangent": 0,
          "outTangent": 0
        }
      ]
    },
    "curveMin": {
      "__type__": "cc.AnimationCurve",
      "preWrapMode": 2,
      "postWrapMode": 2,
      "keyFrames": [
        {
          "time": 0,
          "value": 1,
          "inTangent": 0,
          "outTangent": 0
        },
        {
          "time": 1,
          "value": 1,
          "inTangent": 0,
          "outTangent": 0
        }
      ]
    },
    "curveMax": {
      "__type__": "cc.AnimationCurve",
      "preWrapMode": 2,
      "postWrapMode": 2,
      "keyFrames": [
        {
          "time": 0,
          "value": 1,
          "inTangent": 0,
          "outTangent": 0
        },
        {
          "time": 1,
          "value": 1,
          "inTangent": 0,
          "outTangent": 0
        }
      ]
    },
    "constant": 0,
    "constantMin": 0,
    "constantMax": 0,
    "multiplier": 1
  },
  {
    "__type__": "cc.CurveRange",
    "mode": 0,
    "curve": {
      "__type__": "cc.AnimationCurve",
      "preWrapMode": 2,
      "postWrapMode": 2,
      "keyFrames": [
        {
          "time": 0,
          "value": 1,
          "inTangent": 0,
          "outTangent": 0
        },
        {
          "time": 1,
          "value": 1,
          "inTangent": 0,
          "outTangent": 0
        }
      ]
    },
    "curveMin": {
      "__type__": "cc.AnimationCurve",
      "preWrapMode": 2,
      "postWrapMode": 2,
      "keyFrames": [
        {
          "time": 0,
          "value": 1,
          "inTangent": 0,
          "outTangent": 0
        },
        {
          "time": 1,
          "value": 1,
          "inTangent": 0,
          "outTangent": 0
        }
      ]
    },
    "curveMax": {
      "__type__": "cc.AnimationCurve",
      "preWrapMode": 2,
      "postWrapMode": 2,
      "keyFrames": [
        {
          "time": 0,
          "value": 1,
          "inTangent": 0,
          "outTangent": 0
        },
        {
          "time": 1,
          "value": 1,
          "inTangent": 0,
          "outTangent": 0
        }
      ]
    },
    "constant": 1,
    "constantMin": 0,
    "constantMax": 0,
    "multiplier": 1
  },
  {
    "__type__": "cc.ForceOvertimeModule",
    "enable": false,
    "x": {
      "__id__": 33
    },
    "y": {
      "__id__": 34
    },
    "z": {
      "__id__": 35
    },
    "space": 1,
    "_enable": false
  },
  {
    "__type__": "cc.CurveRange",
    "mode": 0,
    "curve": {
      "__type__": "cc.AnimationCurve",
      "preWrapMode": 2,
      "postWrapMode": 2,
      "keyFrames": [
        {
          "time": 0,
          "value": 1,
          "inTangent": 0,
          "outTangent": 0
        },
        {
          "time": 1,
          "value": 1,
          "inTangent": 0,
          "outTangent": 0
        }
      ]
    },
    "curveMin": {
      "__type__": "cc.AnimationCurve",
      "preWrapMode": 2,
      "postWrapMode": 2,
      "keyFrames": [
        {
          "time": 0,
          "value": 1,
          "inTangent": 0,
          "outTangent": 0
        },
        {
          "time": 1,
          "value": 1,
          "inTangent": 0,
          "outTangent": 0
        }
      ]
    },
    "curveMax": {
      "__type__": "cc.AnimationCurve",
      "preWrapMode": 2,
      "postWrapMode": 2,
      "keyFrames": [
        {
          "time": 0,
          "value": 1,
          "inTangent": 0,
          "outTangent": 0
        },
        {
          "time": 1,
          "value": 1,
          "inTangent": 0,
          "outTangent": 0
        }
      ]
    },
    "constant": 0,
    "constantMin": 0,
    "constantMax": 0,
    "multiplier": 1
  },
  {
    "__type__": "cc.CurveRange",
    "mode": 0,
    "curve": {
      "__type__": "cc.AnimationCurve",
      "preWrapMode": 2,
      "postWrapMode": 2,
      "keyFrames": [
        {
          "time": 0,
          "value": 1,
          "inTangent": 0,
          "outTangent": 0
        },
        {
          "time": 1,
          "value": 1,
          "inTangent": 0,
          "outTangent": 0
        }
      ]
    },
    "curveMin": {
      "__type__": "cc.AnimationCurve",
      "preWrapMode": 2,
      "postWrapMode": 2,
      "keyFrames": [
        {
          "time": 0,
          "value": 1,
          "inTangent": 0,
          "outTangent": 0
        },
        {
          "time": 1,
          "value": 1,
          "inTangent": 0,
          "outTangent": 0
        }
      ]
    },
    "curveMax": {
      "__type__": "cc.AnimationCurve",
      "preWrapMode": 2,
      "postWrapMode": 2,
      "keyFrames": [
        {
          "time": 0,
          "value": 1,
          "inTangent": 0,
          "outTangent": 0
        },
        {
          "time": 1,
          "value": 1,
          "inTangent": 0,
          "outTangent": 0
        }
      ]
    },
    "constant": 0,
    "constantMin": 0,
    "constantMax": 0,
    "multiplier": 1
  },
  {
    "__type__": "cc.CurveRange",
    "mode": 0,
    "curve": {
      "__type__": "cc.AnimationCurve",
      "preWrapMode": 2,
      "postWrapMode": 2,
      "keyFrames": [
        {
          "time": 0,
          "value": 1,
          "inTangent": 0,
          "outTangent": 0
        },
        {
          "time": 1,
          "value": 1,
          "inTangent": 0,
          "outTangent": 0
        }
      ]
    },
    "curveMin": {
      "__type__": "cc.AnimationCurve",
      "preWrapMode": 2,
      "postWrapMode": 2,
      "keyFrames": [
        {
          "time": 0,
          "value": 1,
          "inTangent": 0,
          "outTangent": 0
        },
        {
          "time": 1,
          "value": 1,
          "inTangent": 0,
          "outTangent": 0
        }
      ]
    },
    "curveMax": {
      "__type__": "cc.AnimationCurve",
      "preWrapMode": 2,
      "postWrapMode": 2,
      "keyFrames": [
        {
          "time": 0,
          "value": 1,
          "inTangent": 0,
          "outTangent": 0
        },
        {
          "time": 1,
          "value": 1,
          "inTangent": 0,
          "outTangent": 0
        }
      ]
    },
    "constant": 0,
    "constantMin": 0,
    "constantMax": 0,
    "multiplier": 1
  },
  {
    "__type__": "cc.LimitVelocityOvertimeModule",
    "enable": false,
    "limitX": {
      "__id__": 37
    },
    "limitY": {
      "__id__": 38
    },
    "limitZ": {
      "__id__": 39
    },
    "limit": {
      "__id__": 40
    },
    "dampen": 3,
    "separateAxes": false,
    "space": 1,
    "_enable": false
  },
  {
    "__type__": "cc.CurveRange",
    "mode": 0,
    "curve": {
      "__type__": "cc.AnimationCurve",
      "preWrapMode": 2,
      "postWrapMode": 2,
      "keyFrames": [
        {
          "time": 0,
          "value": 1,
          "inTangent": 0,
          "outTangent": 0
        },
        {
          "time": 1,
          "value": 1,
          "inTangent": 0,
          "outTangent": 0
        }
      ]
    },
    "curveMin": {
      "__type__": "cc.AnimationCurve",
      "preWrapMode": 2,
      "postWrapMode": 2,
      "keyFrames": [
        {
          "time": 0,
          "value": 1,
          "inTangent": 0,
          "outTangent": 0
        },
        {
          "time": 1,
          "value": 1,
          "inTangent": 0,
          "outTangent": 0
        }
      ]
    },
    "curveMax": {
      "__type__": "cc.AnimationCurve",
      "preWrapMode": 2,
      "postWrapMode": 2,
      "keyFrames": [
        {
          "time": 0,
          "value": 1,
          "inTangent": 0,
          "outTangent": 0
        },
        {
          "time": 1,
          "value": 1,
          "inTangent": 0,
          "outTangent": 0
        }
      ]
    },
    "constant": 0,
    "constantMin": 0,
    "constantMax": 0,
    "multiplier": 1
  },
  {
    "__type__": "cc.CurveRange",
    "mode": 0,
    "curve": {
      "__type__": "cc.AnimationCurve",
      "preWrapMode": 2,
      "postWrapMode": 2,
      "keyFrames": [
        {
          "time": 0,
          "value": 1,
          "inTangent": 0,
          "outTangent": 0
        },
        {
          "time": 1,
          "value": 1,
          "inTangent": 0,
          "outTangent": 0
        }
      ]
    },
    "curveMin": {
      "__type__": "cc.AnimationCurve",
      "preWrapMode": 2,
      "postWrapMode": 2,
      "keyFrames": [
        {
          "time": 0,
          "value": 1,
          "inTangent": 0,
          "outTangent": 0
        },
        {
          "time": 1,
          "value": 1,
          "inTangent": 0,
          "outTangent": 0
        }
      ]
    },
    "curveMax": {
      "__type__": "cc.AnimationCurve",
      "preWrapMode": 2,
      "postWrapMode": 2,
      "keyFrames": [
        {
          "time": 0,
          "value": 1,
          "inTangent": 0,
          "outTangent": 0
        },
        {
          "time": 1,
          "value": 1,
          "inTangent": 0,
          "outTangent": 0
        }
      ]
    },
    "constant": 0,
    "constantMin": 0,
    "constantMax": 0,
    "multiplier": 1
  },
  {
    "__type__": "cc.CurveRange",
    "mode": 0,
    "curve": {
      "__type__": "cc.AnimationCurve",
      "preWrapMode": 2,
      "postWrapMode": 2,
      "keyFrames": [
        {
          "time": 0,
          "value": 1,
          "inTangent": 0,
          "outTangent": 0
        },
        {
          "time": 1,
          "value": 1,
          "inTangent": 0,
          "outTangent": 0
        }
      ]
    },
    "curveMin": {
      "__type__": "cc.AnimationCurve",
      "preWrapMode": 2,
      "postWrapMode": 2,
      "keyFrames": [
        {
          "time": 0,
          "value": 1,
          "inTangent": 0,
          "outTangent": 0
        },
        {
          "time": 1,
          "value": 1,
          "inTangent": 0,
          "outTangent": 0
        }
      ]
    },
    "curveMax": {
      "__type__": "cc.AnimationCurve",
      "preWrapMode": 2,
      "postWrapMode": 2,
      "keyFrames": [
        {
          "time": 0,
          "value": 1,
          "inTangent": 0,
          "outTangent": 0
        },
        {
          "time": 1,
          "value": 1,
          "inTangent": 0,
          "outTangent": 0
        }
      ]
    },
    "constant": 0,
    "constantMin": 0,
    "constantMax": 0,
    "multiplier": 1
  },
  {
    "__type__": "cc.CurveRange",
    "mode": 0,
    "curve": {
      "__type__": "cc.AnimationCurve",
      "preWrapMode": 2,
      "postWrapMode": 2,
      "keyFrames": [
        {
          "time": 0,
          "value": 1,
          "inTangent": 0,
          "outTangent": 0
        },
        {
          "time": 1,
          "value": 1,
          "inTangent": 0,
          "outTangent": 0
        }
      ]
    },
    "curveMin": {
      "__type__": "cc.AnimationCurve",
      "preWrapMode": 2,
      "postWrapMode": 2,
      "keyFrames": [
        {
          "time": 0,
          "value": 1,
          "inTangent": 0,
          "outTangent": 0
        },
        {
          "time": 1,
          "value": 1,
          "inTangent": 0,
          "outTangent": 0
        }
      ]
    },
    "curveMax": {
      "__type__": "cc.AnimationCurve",
      "preWrapMode": 2,
      "postWrapMode": 2,
      "keyFrames": [
        {
          "time": 0,
          "value": 1,
          "inTangent": 0,
          "outTangent": 0
        },
        {
          "time": 1,
          "value": 1,
          "inTangent": 0,
          "outTangent": 0
        }
      ]
    },
    "constant": 0,
    "constantMin": 0,
    "constantMax": 0,
    "multiplier": 1
  },
  {
    "__type__": "cc.RotationOvertimeModule",
    "enable": false,
    "_separateAxes": false,
    "x": {
      "__id__": 42
    },
    "y": {
      "__id__": 43
    },
    "z": {
      "__id__": 44
    },
    "_enable": false
  },
  {
    "__type__": "cc.CurveRange",
    "mode": 0,
    "curve": {
      "__type__": "cc.AnimationCurve",
      "preWrapMode": 2,
      "postWrapMode": 2,
      "keyFrames": [
        {
          "time": 0,
          "value": 1,
          "inTangent": 0,
          "outTangent": 0
        },
        {
          "time": 1,
          "value": 1,
          "inTangent": 0,
          "outTangent": 0
        }
      ]
    },
    "curveMin": {
      "__type__": "cc.AnimationCurve",
      "preWrapMode": 2,
      "postWrapMode": 2,
      "keyFrames": [
        {
          "time": 0,
          "value": 1,
          "inTangent": 0,
          "outTangent": 0
        },
        {
          "time": 1,
          "value": 1,
          "inTangent": 0,
          "outTangent": 0
        }
      ]
    },
    "curveMax": {
      "__type__": "cc.AnimationCurve",
      "preWrapMode": 2,
      "postWrapMode": 2,
      "keyFrames": [
        {
          "time": 0,
          "value": 1,
          "inTangent": 0,
          "outTangent": 0
        },
        {
          "time": 1,
          "value": 1,
          "inTangent": 0,
          "outTangent": 0
        }
      ]
    },
    "constant": 0,
    "constantMin": 0,
    "constantMax": 0,
    "multiplier": 1
  },
  {
    "__type__": "cc.CurveRange",
    "mode": 0,
    "curve": {
      "__type__": "cc.AnimationCurve",
      "preWrapMode": 2,
      "postWrapMode": 2,
      "keyFrames": [
        {
          "time": 0,
          "value": 1,
          "inTangent": 0,
          "outTangent": 0
        },
        {
          "time": 1,
          "value": 1,
          "inTangent": 0,
          "outTangent": 0
        }
      ]
    },
    "curveMin": {
      "__type__": "cc.AnimationCurve",
      "preWrapMode": 2,
      "postWrapMode": 2,
      "keyFrames": [
        {
          "time": 0,
          "value": 1,
          "inTangent": 0,
          "outTangent": 0
        },
        {
          "time": 1,
          "value": 1,
          "inTangent": 0,
          "outTangent": 0
        }
      ]
    },
    "curveMax": {
      "__type__": "cc.AnimationCurve",
      "preWrapMode": 2,
      "postWrapMode": 2,
      "keyFrames": [
        {
          "time": 0,
          "value": 1,
          "inTangent": 0,
          "outTangent": 0
        },
        {
          "time": 1,
          "value": 1,
          "inTangent": 0,
          "outTangent": 0
        }
      ]
    },
    "constant": 0,
    "constantMin": 0,
    "constantMax": 0,
    "multiplier": 1
  },
  {
    "__type__": "cc.CurveRange",
    "mode": 0,
    "curve": {
      "__type__": "cc.AnimationCurve",
      "preWrapMode": 2,
      "postWrapMode": 2,
      "keyFrames": [
        {
          "time": 0,
          "value": 1,
          "inTangent": 0,
          "outTangent": 0
        },
        {
          "time": 1,
          "value": 1,
          "inTangent": 0,
          "outTangent": 0
        }
      ]
    },
    "curveMin": {
      "__type__": "cc.AnimationCurve",
      "preWrapMode": 2,
      "postWrapMode": 2,
      "keyFrames": [
        {
          "time": 0,
          "value": 1,
          "inTangent": 0,
          "outTangent": 0
        },
        {
          "time": 1,
          "value": 1,
          "inTangent": 0,
          "outTangent": 0
        }
      ]
    },
    "curveMax": {
      "__type__": "cc.AnimationCurve",
      "preWrapMode": 2,
      "postWrapMode": 2,
      "keyFrames": [
        {
          "time": 0,
          "value": 1,
          "inTangent": 0,
          "outTangent": 0
        },
        {
          "time": 1,
          "value": 1,
          "inTangent": 0,
          "outTangent": 0
        }
      ]
    },
    "constant": 0,
    "constantMin": 0,
    "constantMax": 0,
    "multiplier": 1
  },
  {
    "__type__": "cc.TextureAnimationModule",
    "_enable": false,
    "_mode": 0,
    "numTilesX": 0,
    "numTilesY": 0,
    "animation": 0,
    "frameOverTime": {
      "__id__": 46
    },
    "startFrame": {
      "__id__": 47
    },
    "cycleCount": 0,
    "_flipU": 0,
    "_flipV": 0,
    "_uvChannelMask": -1,
    "randomRow": false,
    "rowIndex": 0
  },
  {
    "__type__": "cc.CurveRange",
    "mode": 0,
    "curve": {
      "__type__": "cc.AnimationCurve",
      "preWrapMode": 2,
      "postWrapMode": 2,
      "keyFrames": [
        {
          "time": 0,
          "value": 1,
          "inTangent": 0,
          "outTangent": 0
        },
        {
          "time": 1,
          "value": 1,
          "inTangent": 0,
          "outTangent": 0
        }
      ]
    },
    "curveMin": {
      "__type__": "cc.AnimationCurve",
      "preWrapMode": 2,
      "postWrapMode": 2,
      "keyFrames": [
        {
          "time": 0,
          "value": 1,
          "inTangent": 0,
          "outTangent": 0
        },
        {
          "time": 1,
          "value": 1,
          "inTangent": 0,
          "outTangent": 0
        }
      ]
    },
    "curveMax": {
      "__type__": "cc.AnimationCurve",
      "preWrapMode": 2,
      "postWrapMode": 2,
      "keyFrames": [
        {
          "time": 0,
          "value": 1,
          "inTangent": 0,
          "outTangent": 0
        },
        {
          "time": 1,
          "value": 1,
          "inTangent": 0,
          "outTangent": 0
        }
      ]
    },
    "constant": 0,
    "constantMin": 0,
    "constantMax": 0,
    "multiplier": 1
  },
  {
    "__type__": "cc.CurveRange",
    "mode": 0,
    "curve": {
      "__type__": "cc.AnimationCurve",
      "preWrapMode": 2,
      "postWrapMode": 2,
      "keyFrames": [
        {
          "time": 0,
          "value": 1,
          "inTangent": 0,
          "outTangent": 0
        },
        {
          "time": 1,
          "value": 1,
          "inTangent": 0,
          "outTangent": 0
        }
      ]
    },
    "curveMin": {
      "__type__": "cc.AnimationCurve",
      "preWrapMode": 2,
      "postWrapMode": 2,
      "keyFrames": [
        {
          "time": 0,
          "value": 1,
          "inTangent": 0,
          "outTangent": 0
        },
        {
          "time": 1,
          "value": 1,
          "inTangent": 0,
          "outTangent": 0
        }
      ]
    },
    "curveMax": {
      "__type__": "cc.AnimationCurve",
      "preWrapMode": 2,
      "postWrapMode": 2,
      "keyFrames": [
        {
          "time": 0,
          "value": 1,
          "inTangent": 0,
          "outTangent": 0
        },
        {
          "time": 1,
          "value": 1,
          "inTangent": 0,
          "outTangent": 0
        }
      ]
    },
    "constant": 0,
    "constantMin": 0,
    "constantMax": 0,
    "multiplier": 1
  },
  {
    "__type__": "cc.TrailModule",
    "_enable": false,
    "mode": 0,
    "lifeTime": {
      "__id__": 49
    },
    "_minParticleDistance": 0.1,
    "existWithParticles": true,
    "textureMode": 0,
    "widthFromParticle": true,
    "widthRatio": {
      "__id__": 50
    },
    "colorFromParticle": false,
    "colorOverTrail": {
      "__id__": 51
    },
    "colorOvertime": {
      "__id__": 55
    },
    "_space": 0,
    "_particleSystem": {
      "__id__": 2
    }
  },
  {
    "__type__": "cc.CurveRange",
    "mode": 0,
    "curve": {
      "__type__": "cc.AnimationCurve",
      "preWrapMode": 2,
      "postWrapMode": 2,
      "keyFrames": [
        {
          "time": 0,
          "value": 1,
          "inTangent": 0,
          "outTangent": 0
        },
        {
          "time": 1,
          "value": 1,
          "inTangent": 0,
          "outTangent": 0
        }
      ]
    },
    "curveMin": {
      "__type__": "cc.AnimationCurve",
      "preWrapMode": 2,
      "postWrapMode": 2,
      "keyFrames": [
        {
          "time": 0,
          "value": 1,
          "inTangent": 0,
          "outTangent": 0
        },
        {
          "time": 1,
          "value": 1,
          "inTangent": 0,
          "outTangent": 0
        }
      ]
    },
    "curveMax": {
      "__type__": "cc.AnimationCurve",
      "preWrapMode": 2,
      "postWrapMode": 2,
      "keyFrames": [
        {
          "time": 0,
          "value": 1,
          "inTangent": 0,
          "outTangent": 0
        },
        {
          "time": 1,
          "value": 1,
          "inTangent": 0,
          "outTangent": 0
        }
      ]
    },
    "constant": 1,
    "constantMin": 0,
    "constantMax": 0,
    "multiplier": 1
  },
  {
    "__type__": "cc.CurveRange",
    "mode": 0,
    "curve": {
      "__type__": "cc.AnimationCurve",
      "preWrapMode": 2,
      "postWrapMode": 2,
      "keyFrames": [
        {
          "time": 0,
          "value": 1,
          "inTangent": 0,
          "outTangent": 0
        },
        {
          "time": 1,
          "value": 1,
          "inTangent": 0,
          "outTangent": 0
        }
      ]
    },
    "curveMin": {
      "__type__": "cc.AnimationCurve",
      "preWrapMode": 2,
      "postWrapMode": 2,
      "keyFrames": [
        {
          "time": 0,
          "value": 1,
          "inTangent": 0,
          "outTangent": 0
        },
        {
          "time": 1,
          "value": 1,
          "inTangent": 0,
          "outTangent": 0
        }
      ]
    },
    "curveMax": {
      "__type__": "cc.AnimationCurve",
      "preWrapMode": 2,
      "postWrapMode": 2,
      "keyFrames": [
        {
          "time": 0,
          "value": 1,
          "inTangent": 0,
          "outTangent": 0
        },
        {
          "time": 1,
          "value": 1,
          "inTangent": 0,
          "outTangent": 0
        }
      ]
    },
    "constant": 0,
    "constantMin": 0,
    "constantMax": 0,
    "multiplier": 1
  },
  {
    "__type__": "cc.GradientRange",
    "color": {
      "__type__": "cc.Color",
      "r": 255,
      "g": 255,
      "b": 255,
      "a": 255
    },
    "colorMin": {
      "__type__": "cc.Color",
      "r": 255,
      "g": 255,
      "b": 255,
      "a": 255
    },
    "colorMax": {
      "__type__": "cc.Color",
      "r": 255,
      "g": 255,
      "b": 255,
      "a": 255
    },
    "gradient": {
      "__id__": 52
    },
    "gradientMin": {
      "__id__": 53
    },
    "gradientMax": {
      "__id__": 54
    },
    "_mode": 0
  },
  {
    "__type__": "cc.Gradient",
    "colorKeys": [],
    "alphaKeys": [],
    "mode": 0
  },
  {
    "__type__": "cc.Gradient",
    "colorKeys": [],
    "alphaKeys": [],
    "mode": 0
  },
  {
    "__type__": "cc.Gradient",
    "colorKeys": [],
    "alphaKeys": [],
    "mode": 0
  },
  {
    "__type__": "cc.GradientRange",
    "color": {
      "__type__": "cc.Color",
      "r": 255,
      "g": 255,
      "b": 255,
      "a": 255
    },
    "colorMin": {
      "__type__": "cc.Color",
      "r": 255,
      "g": 255,
      "b": 255,
      "a": 255
    },
    "colorMax": {
      "__type__": "cc.Color",
      "r": 255,
      "g": 255,
      "b": 255,
      "a": 255
    },
    "gradient": {
      "__id__": 56
    },
    "gradientMin": {
      "__id__": 57
    },
    "gradientMax": {
      "__id__": 58
    },
    "_mode": 0
  },
  {
    "__type__": "cc.Gradient",
    "colorKeys": [],
    "alphaKeys": [],
    "mode": 0
  },
  {
    "__type__": "cc.Gradient",
    "colorKeys": [],
    "alphaKeys": [],
    "mode": 0
  },
  {
    "__type__": "cc.Gradient",
    "colorKeys": [],
    "alphaKeys": [],
    "mode": 0
  },
  {
    "__type__": "cc.ParticleSystemRenderer",
    "_renderMode": 0,
    "_velocityScale": 1,
    "_lengthScale": 1,
    "_mesh": null,
    "_particleSystem": {
      "__id__": 2
    }
  },
  {
    "__type__": "cc.PrefabInfo",
    "root": {
      "__id__": 1
    },
    "asset": {
      "__uuid__": "f09a0597-10e6-49e5-8759-a148b5e85395"
    },
    "fileId": "d8TRONhORDRpCXbQBSi+LM",
    "sync": false,
    "_synced": true
  }
]
