{
  "current-scene": "086bfbea-514e-44cf-b35b-d51930cd8d72",
  "gizmos-infos": {
    "iconGizmoSize": 2,
    "isGridVisible": true,
    "isIconGizmo3D": false
  },
  "float-window": {
    "position": {
      "cc": {
        "CameraComponent": {
          "bottom": 10,
          "dock": false,
          "left": null,
          "right": 10,
          "top": null
        }
      }
    }
  },
  "camera-infos": {
    "f46876e4-e81b-4931-b493-6d367be385e7": {
      "position": {
        "x": 1732.0508075688774,
        "y": 1732.0508075688772,
        "z": 1766.6598075688769
      },
      "rotation": {
        "w": 0.8804762392171493,
        "x": -0.27984814233312133,
        "y": 0.3647051996310009,
        "z": 0.11591689595929514
      },
      "viewCenter": {
        "x": 0,
        "y": 0,
        "z": 34.609
      }
    }
  },
  "camera-uuids": [
    "f46876e4-e81b-4931-b493-6d367be385e7"
  ]
}
