{
  "D:\\CoCos3DLst\\MyAStart\\assets\\scipts.meta": 1588145782173.2246,
  "D:\\CoCos3DLst\\MyAStart\\assets\\scipts": 1588155715891.8108,
  "D:\\CoCos3DLst\\MyAStart\\assets\\resourece.meta": 1588145795638.2979,
  "D:\\CoCos3DLst\\MyAStart\\assets\\resourece": 1588235376466.4873,
  "D:\\CoCos3DLst\\MyAStart\\assets\\scipts\\AStar.ts.meta": 1588150143047.5896,
  "D:\\CoCos3DLst\\MyAStart\\assets\\scipts\\AStar.ts": 1588752962267.8076,
  "D:\\CoCos3DLst\\MyAStart\\assets\\scipts\\Gird.ts.meta": 1588145819561.767,
  "D:\\CoCos3DLst\\MyAStart\\assets\\scipts\\Gird.ts": 1588148092467.508,
  "D:\\CoCos3DLst\\MyAStart\\assets\\scipts\\Grid.ts.meta": 1588148125914.4502,
  "D:\\CoCos3DLst\\MyAStart\\assets\\scipts\\Grid.ts": 1588151653920.8325,
  "D:\\CoCos3DLst\\MyAStart\\assets\\scipts\\GridCtrl.ts.meta": 1588151901982.3284,
  "D:\\CoCos3DLst\\MyAStart\\assets\\scipts\\GridCtrl.ts": 1588152068500.3877,
  "D:\\CoCos3DLst\\MyAStart\\assets\\scipts\\GameCtrl.ts.meta": 1588152293606.3647,
  "D:\\CoCos3DLst\\MyAStart\\assets\\scipts\\GameCtrl.ts": 1588237621206.8315,
  "D:\\CoCos3DLst\\MyAStart\\assets\\New Scene.scene.meta": 1588152400087.715,
  "D:\\CoCos3DLst\\MyAStart\\assets\\New Scene.scene": 1588155286054.9236,
  "D:\\CoCos3DLst\\MyAStart\\assets\\scipts\\My.meta": 1588155715893.805,
  "D:\\CoCos3DLst\\MyAStart\\assets\\scipts\\My": 1588667525183.6494,
  "D:\\CoCos3DLst\\MyAStart\\assets\\scipts\\My\\AStarNode.ts.meta": 1588155738879.9329,
  "D:\\CoCos3DLst\\MyAStart\\assets\\scipts\\My\\AStarNode.ts": 1588561732791.1653,
  "D:\\CoCos3DLst\\MyAStart\\assets\\scipts\\My\\AStartMgr.ts.meta": 1588156230137.0483,
  "D:\\CoCos3DLst\\MyAStart\\assets\\scipts\\My\\AStartMgr.ts": 1588156227962.2417,
  "D:\\CoCos3DLst\\MyAStart\\assets\\scipts\\My\\TestAStar.ts.meta": 1588234997542.1863,
  "D:\\CoCos3DLst\\MyAStart\\assets\\scipts\\My\\TestAStar.ts": 1588649281332.524,
  "D:\\CoCos3DLst\\MyAStart\\assets\\scipts\\My\\AStarMgr.ts.meta": 1588217165628.9587,
  "D:\\CoCos3DLst\\MyAStart\\assets\\scipts\\My\\AStarMgr.ts": 1588752962232.6028,
  "D:\\CoCos3DLst\\MyAStart\\assets\\01.scene.meta": 1588152400087.715,
  "D:\\CoCos3DLst\\MyAStart\\assets\\01.scene": 1588235160771.5674,
  "D:\\CoCos3DLst\\MyAStart\\assets\\02.scene.meta": 1588235157023.5276,
  "D:\\CoCos3DLst\\MyAStart\\assets\\02.scene": 1588582078135.213,
  "D:\\CoCos3DLst\\MyAStart\\assets\\resourece\\red.mtl.meta": 1588235207526.7039,
  "D:\\CoCos3DLst\\MyAStart\\assets\\resourece\\red.mtl": 1588235292928.0598,
  "D:\\CoCos3DLst\\MyAStart\\assets\\resourece\\bule.mtl.meta": 1588235217639.535,
  "D:\\CoCos3DLst\\MyAStart\\assets\\resourece\\bule.mtl": 1588235302272.9915,
  "D:\\CoCos3DLst\\MyAStart\\assets\\resourece\\normal.mtl.meta": 1588235232203.0269,
  "D:\\CoCos3DLst\\MyAStart\\assets\\resourece\\normal.mtl": 1588235232192.0662,
  "D:\\CoCos3DLst\\MyAStart\\assets\\resourece\\yellow.mtl.meta": 1588235238547.6995,
  "D:\\CoCos3DLst\\MyAStart\\assets\\resourece\\yellow.mtl": 1588235284197.6362,
  "D:\\CoCos3DLst\\MyAStart\\assets\\resourece\\blue.mtl.meta": 1588235217639.535,
  "D:\\CoCos3DLst\\MyAStart\\assets\\resourece\\blue.mtl": 1588235302272.9915,
  "D:\\CoCos3DLst\\MyAStart\\assets\\resourece\\tempObj.prefab.meta": 1588560843422.8079,
  "D:\\CoCos3DLst\\MyAStart\\assets\\resourece\\tempObj.prefab": 1588560843251.7588,
  "D:\\CoCos3DLst\\MyAStart\\assets\\scipts\\My\\2DArray.ts.meta": 1588238092256.2207,
  "D:\\CoCos3DLst\\MyAStart\\assets\\scipts\\My\\2DArray.ts": 1588238092177.1477,
  "D:\\CoCos3DLst\\MyAStart\\assets\\scipts\\My\\TwoDArray.ts.meta": 1588238153265.0205,
  "D:\\CoCos3DLst\\MyAStart\\assets\\scipts\\My\\TwoDArray.ts": 1588582092150.7341,
  "D:\\CoCos3DLst\\MyAStart\\assets\\03.scene.meta": 1588584989291.6804,
  "D:\\CoCos3DLst\\MyAStart\\assets\\03.scene": 1588752712758.2048,
  "D:\\CoCos3DLst\\MyAStart\\assets\\scipts\\My\\MapMgr.ts.meta": 1588754200156.8145,
  "D:\\CoCos3DLst\\MyAStart\\assets\\scipts\\My\\MapMgr.ts": 1588760060281.7412,
  "D:\\CoCos3DLst\\MyAStart\\assets\\New Terrain.terrain.meta": 1588587542659.767,
  "D:\\CoCos3DLst\\MyAStart\\assets\\New Terrain.terrain": 1588752712807.073,
  "D:\\CoCos3DLst\\MyAStart\\assets\\render-texture.rt.meta": 1588650568167.456,
  "D:\\CoCos3DLst\\MyAStart\\assets\\render-texture.rt": 1588650568156.4841,
  "D:\\CoCos3DLst\\MyAStart\\assets\\scipts\\My\\MapCfgData.ts.meta": 1588667525353.2185,
  "D:\\CoCos3DLst\\MyAStart\\assets\\scipts\\My\\MapCfgData.ts": 1588667825775.3965,
  "D:\\CoCos3DLst\\MyAStart\\assets\\resources\\blue.mtl.meta": 1588235217639.535,
  "D:\\CoCos3DLst\\MyAStart\\assets\\resources\\normal.mtl.meta": 1588235232203.0269,
  "D:\\CoCos3DLst\\MyAStart\\assets\\resources\\red.mtl.meta": 1588235207526.7039,
  "D:\\CoCos3DLst\\MyAStart\\assets\\resources\\tempObj.prefab.meta": 1588736693020.321,
  "D:\\CoCos3DLst\\MyAStart\\assets\\resources\\yellow.mtl.meta": 1588235238547.6995,
  "D:\\CoCos3DLst\\MyAStart\\assets\\resources.meta": 1588145795638.2979,
  "D:\\CoCos3DLst\\MyAStart\\assets\\resources": 1588736724202.789,
  "D:\\CoCos3DLst\\MyAStart\\assets\\resources\\normal.mtl": 1588235232192.0662,
  "D:\\CoCos3DLst\\MyAStart\\assets\\resources\\yellow.mtl": 1588235284197.6362,
  "D:\\CoCos3DLst\\MyAStart\\assets\\resources\\blue.mtl": 1588235302272.9915,
  "D:\\CoCos3DLst\\MyAStart\\assets\\resources\\red.mtl": 1588235292928.0598,
  "D:\\CoCos3DLst\\MyAStart\\assets\\resources\\tempObj.prefab": 1588560843251.7588,
  "D:\\CoCos3DLst\\MyAStart\\assets\\resources\\folder.meta": 1588736699912.0088,
  "D:\\CoCos3DLst\\MyAStart\\assets\\resources\\folder": 1588736699907.0198,
  "D:\\CoCos3DLst\\MyAStart\\assets\\resources\\config.meta": 1588736699912.0088,
  "D:\\CoCos3DLst\\MyAStart\\assets\\resources\\config": 1588736719471.1252,
  "D:\\CoCos3DLst\\MyAStart\\assets\\resources\\configs.meta": 1588736699912.0088,
  "D:\\CoCos3DLst\\MyAStart\\assets\\resources\\configs": 1588754248600.3582,
  "D:\\CoCos3DLst\\MyAStart\\assets\\resources\\configs\\MapCfg.json.meta": 1588759069575.1213,
  "D:\\CoCos3DLst\\MyAStart\\assets\\resources\\configs\\MapCfg.json": 1588759066153.9011
}
