{
  "uuid": {
    "D:\\CoCos3DLst\\MyAStart\\assets\\resourece\\red.mtl": [
      "1baf0fc9-befa-459c-8bdd-af1a450a0319"
    ],
    "D:\\CoCos3DLst\\MyAStart\\assets\\resourece\\bule.mtl": [
      "1baf0fc9-befa-459c-8bdd-af1a450a0319"
    ],
    "D:\\CoCos3DLst\\MyAStart\\assets\\resourece\\normal.mtl": [
      "1baf0fc9-befa-459c-8bdd-af1a450a0319"
    ],
    "D:\\CoCos3DLst\\MyAStart\\assets\\resourece\\yellow.mtl": [
      "1baf0fc9-befa-459c-8bdd-af1a450a0319"
    ],
    "D:\\CoCos3DLst\\MyAStart\\assets\\resourece\\blue.mtl": [
      "1baf0fc9-befa-459c-8bdd-af1a450a0319"
    ],
    "D:\\CoCos3DLst\\MyAStart\\assets\\resources\\blue.mtl": [
      "1baf0fc9-befa-459c-8bdd-af1a450a0319"
    ],
    "D:\\CoCos3DLst\\MyAStart\\assets\\resources\\normal.mtl": [
      "1baf0fc9-befa-459c-8bdd-af1a450a0319"
    ],
    "D:\\CoCos3DLst\\MyAStart\\assets\\resources\\red.mtl": [
      "1baf0fc9-befa-459c-8bdd-af1a450a0319"
    ],
    "D:\\CoCos3DLst\\MyAStart\\assets\\resources\\yellow.mtl": [
      "1baf0fc9-befa-459c-8bdd-af1a450a0319"
    ]
  }
}
