[
  {
    "__type__": "cc.SceneAsset",
    "_name": "",
    "_objFlags": 0,
    "_native": "",
    "scene": {
      "__id__": 1
    },
    "asyncLoadAssets": false
  },
  {
    "__type__": "cc.Scene",
    "_name": "",
    "_objFlags": 0,
    "_parent": null,
    "_children": [
      {
        "__id__": 2
      },
      {
        "__id__": 4
      },
      {
        "__id__": 6
      },
      {
        "__id__": 8
      }
    ],
    "_active": true,
    "_components": [],
    "_prefab": null,
    "autoReleaseAssets": false,
    "_globals": {
      "__id__": 13
    },
    "_id": "344988d4-55b3-48af-93ee-6c7d8e1a5e7a"
  },
  {
    "__type__": "cc.Node",
    "_name": "Main Light",
    "_objFlags": 0,
    "_parent": {
      "__id__": 1
    },
    "_children": [],
    "_active": true,
    "_components": [
      {
        "__id__": 3
      }
    ],
    "_prefab": null,
    "_lpos": {
      "__type__": "cc.Vec3",
      "x": -0.62,
      "y": 0.716,
      "z": 1.073
    },
    "_lrot": {
      "__type__": "cc.Quat",
      "x": -0.25,
      "y": -0.25,
      "z": -0.067,
      "w": 0.933
    },
    "_lscale": {
      "__type__": "cc.Vec3",
      "x": 1,
      "y": 1,
      "z": 1
    },
    "_layer": 1073741824,
    "_euler": {
      "__type__": "cc.Vec3",
      "x": 0,
      "y": 0,
      "z": 0
    },
    "_id": "c0y6F5f+pAvI805TdmxIjx"
  },
  {
    "__type__": "cc.DirectionalLightComponent",
    "_name": "",
    "_objFlags": 0,
    "node": {
      "__id__": 2
    },
    "_enabled": true,
    "_color": {
      "__type__": "cc.Color",
      "r": 255,
      "g": 3,
      "b": 3,
      "a": 255
    },
    "_useColorTemperature": false,
    "_colorTemperature": 6550,
    "_bakeType": 0,
    "_illuminance": 65000,
    "_id": "597uMYCbhEtJQc0ffJlcgA"
  },
  {
    "__type__": "cc.Node",
    "_name": "Camera",
    "_objFlags": 0,
    "_parent": {
      "__id__": 1
    },
    "_children": [],
    "_active": true,
    "_components": [
      {
        "__id__": 5
      }
    ],
    "_prefab": null,
    "_lpos": {
      "__type__": "cc.Vec3",
      "x": 0,
      "y": 7.88,
      "z": 253.646
    },
    "_lrot": {
      "__type__": "cc.Quat",
      "x": 0,
      "y": 0,
      "z": 0,
      "w": 1
    },
    "_lscale": {
      "__type__": "cc.Vec3",
      "x": 1,
      "y": 1,
      "z": 1
    },
    "_layer": 1073741824,
    "_euler": {
      "__type__": "cc.Vec3",
      "x": 0,
      "y": 0,
      "z": 0
    },
    "_id": "c9DMICJLFO5IeO07EPon7U"
  },
  {
    "__type__": "cc.CameraComponent",
    "_name": "",
    "_objFlags": 0,
    "node": {
      "__id__": 4
    },
    "_enabled": true,
    "_projection": 1,
    "_priority": 0,
    "_fov": 45,
    "_fovAxis": 0,
    "_orthoHeight": 10,
    "_near": 1,
    "_far": 1000,
    "_color": {
      "__type__": "cc.Color",
      "r": 51,
      "g": 51,
      "b": 51,
      "a": 255
    },
    "_depth": 1,
    "_stencil": 0,
    "_clearFlags": 7,
    "_rect": {
      "__type__": "cc.Rect",
      "x": 0,
      "y": 0,
      "width": 1,
      "height": 1
    },
    "_aperture": 19,
    "_shutter": 7,
    "_iso": 0,
    "_screenScale": 1,
    "_visibility": 1822425087,
    "_targetTexture": null,
    "_id": "7dWQTpwS5LrIHnc1zAPUtf"
  },
  {
    "__type__": "cc.Node",
    "_name": "TestDraw",
    "_objFlags": 0,
    "_parent": {
      "__id__": 1
    },
    "_children": [],
    "_active": true,
    "_components": [
      {
        "__id__": 7
      }
    ],
    "_prefab": null,
    "_lpos": {
      "__type__": "cc.Vec3",
      "x": 0,
      "y": 0,
      "z": 0
    },
    "_lrot": {
      "__type__": "cc.Quat",
      "x": 0,
      "y": 0,
      "z": 0,
      "w": 1
    },
    "_lscale": {
      "__type__": "cc.Vec3",
      "x": 1,
      "y": 1,
      "z": 1
    },
    "_layer": 1073741824,
    "_euler": {
      "__type__": "cc.Vec3",
      "x": 0,
      "y": 0,
      "z": 0
    },
    "_id": "390vz1BdZFio3t7nmkc4z3"
  },
  {
    "__type__": "28e3dqUNalCybCV38R2Hn57",
    "_name": "",
    "_objFlags": 0,
    "node": {
      "__id__": 6
    },
    "_enabled": true,
    "targerNode": {
      "__id__": 6
    },
    "mat": {
      "__uuid__": "5693786e-6fef-4413-ba61-761ab11aa889"
    },
    "_id": "db7nWZsj9PLJMr3xxYTxbi"
  },
  {
    "__type__": "cc.Node",
    "_name": "tempObj",
    "_objFlags": 0,
    "_parent": {
      "__id__": 1
    },
    "_children": [],
    "_active": false,
    "_components": [
      {
        "__id__": 9
      },
      {
        "__id__": 11
      }
    ],
    "_prefab": {
      "__id__": 12
    },
    "_lpos": {
      "__type__": "cc.Vec3",
      "x": 0,
      "y": 0,
      "z": 0
    },
    "_lrot": {
      "__type__": "cc.Quat",
      "x": 0,
      "y": 0,
      "z": 0,
      "w": 1
    },
    "_lscale": {
      "__type__": "cc.Vec3",
      "x": 1000,
      "y": 100,
      "z": 100
    },
    "_layer": 1073741824,
    "_euler": {
      "__type__": "cc.Vec3",
      "x": 0,
      "y": 0,
      "z": 0
    },
    "_id": "18injt89tFmr/gdVW4DKFx"
  },
  {
    "__type__": "cc.ModelComponent",
    "_name": "Cube<ModelComponent>",
    "_objFlags": 0,
    "node": {
      "__id__": 8
    },
    "_enabled": true,
    "_materials": [
      {
        "__uuid__": "d3c7820c-2a98-4429-8bc7-b8453bc9ac41"
      }
    ],
    "_visFlags": 0,
    "lightmapSettings": {
      "__id__": 10
    },
    "_mesh": {
      "__uuid__": "1263d74c-8167-4928-91a6-4e2672411f47@a804a"
    },
    "_shadowCastingMode": 0,
    "_enableMorph": true,
    "_id": "b9/BMZL0ZEuZEszbGa542I"
  },
  {
    "__type__": "cc.ModelLightmapSettings",
    "texture": null,
    "uvParam": {
      "__type__": "cc.Vec4",
      "x": 0,
      "y": 0,
      "z": 0,
      "w": 0
    },
    "_bakeable": false,
    "_castShadow": false,
    "_recieveShadow": false,
    "_lightmapSize": 64
  },
  {
    "__type__": "cc.BoxColliderComponent",
    "_name": "tempObj<BoxColliderComponent>",
    "_objFlags": 0,
    "node": {
      "__id__": 8
    },
    "_enabled": true,
    "_material": null,
    "_isTrigger": false,
    "_center": {
      "__type__": "cc.Vec3",
      "x": 0,
      "y": 0,
      "z": 0
    },
    "_size": {
      "__type__": "cc.Vec3",
      "x": 1,
      "y": 1,
      "z": 1
    },
    "_id": "63gyUFBpJGprAPxs44DE4h"
  },
  {
    "__type__": "cc.PrefabInfo",
    "root": {
      "__id__": 8
    },
    "asset": {
      "__uuid__": "859b0902-0597-492b-bafb-e6480477ed28"
    },
    "fileId": "d9PZ2K+B5CgLE4Y+I+sZ9z",
    "sync": false,
    "_synced": {
      "default": false,
      "serializable": false
    }
  },
  {
    "__type__": "cc.SceneGlobals",
    "ambient": {
      "__id__": 14
    },
    "planarShadows": {
      "__id__": 15
    },
    "_skybox": {
      "__id__": 16
    }
  },
  {
    "__type__": "cc.AmbientInfo",
    "_skyColor": {
      "__type__": "cc.Color",
      "r": 51,
      "g": 128,
      "b": 204,
      "a": 1
    },
    "_skyIllum": 20000,
    "_groundAlbedo": {
      "__type__": "cc.Color",
      "r": 51,
      "g": 51,
      "b": 51,
      "a": 255
    }
  },
  {
    "__type__": "cc.PlanarShadowInfo",
    "_enabled": false,
    "_normal": {
      "__type__": "cc.Vec3",
      "x": 0,
      "y": 1,
      "z": 0
    },
    "_distance": 0,
    "_shadowColor": {
      "__type__": "cc.Color",
      "r": 0,
      "g": 0,
      "b": 0,
      "a": 76
    }
  },
  {
    "__type__": "cc.SkyboxInfo",
    "_envmap": null,
    "_isRGBE": false,
    "_enabled": false,
    "_useIBL": false
  }
]