{
  "D:\\CoCos3DLst\\AStarDemo\\Demo\\assets\\scripts.meta": 1588583825989.2651,
  "D:\\CoCos3DLst\\AStarDemo\\Demo\\assets\\scripts": 1588583841580.958,
  "D:\\CoCos3DLst\\AStarDemo\\Demo\\assets\\scripts\\AStarMgr.ts.meta": 1588583835396.4302,
  "D:\\CoCos3DLst\\AStarDemo\\Demo\\assets\\scripts\\AStarMgr.ts": 1588580659645.1643,
  "D:\\CoCos3DLst\\AStarDemo\\Demo\\assets\\scripts\\AStarNode.ts.meta": 1588583837786.5588,
  "D:\\CoCos3DLst\\AStarDemo\\Demo\\assets\\scripts\\AStarNode.ts": 1588561732791.1653,
  "D:\\CoCos3DLst\\AStarDemo\\Demo\\assets\\scripts\\TestAStar.ts.meta": 1588583842120.5146,
  "D:\\CoCos3DLst\\AStarDemo\\Demo\\assets\\scripts\\TestAStar.ts": 1588581987257.5808,
  "D:\\CoCos3DLst\\AStarDemo\\Demo\\assets\\resoucre.meta": 1588583879402.7642,
  "D:\\CoCos3DLst\\AStarDemo\\Demo\\assets\\resoucre": 1588584052188.7341,
  "D:\\CoCos3DLst\\AStarDemo\\Demo\\assets\\resoucre\\blue.mtl.meta": 1588583890143.1125,
  "D:\\CoCos3DLst\\AStarDemo\\Demo\\assets\\resoucre\\blue.mtl": 1588583902368.5034,
  "D:\\CoCos3DLst\\AStarDemo\\Demo\\assets\\resoucre\\normal.mtl.meta": 1588583910964.1763,
  "D:\\CoCos3DLst\\AStarDemo\\Demo\\assets\\resoucre\\normal.mtl": 1588583910955.1726,
  "D:\\CoCos3DLst\\AStarDemo\\Demo\\assets\\resoucre\\red.mtl.meta": 1588583916586.0515,
  "D:\\CoCos3DLst\\AStarDemo\\Demo\\assets\\resoucre\\red.mtl": 1588583945062.137,
  "D:\\CoCos3DLst\\AStarDemo\\Demo\\assets\\resoucre\\yellow.mtl.meta": 1588583930413.4907,
  "D:\\CoCos3DLst\\AStarDemo\\Demo\\assets\\resoucre\\yellow.mtl": 1588583953998.6062,
  "D:\\CoCos3DLst\\AStarDemo\\Demo\\assets\\resoucre\\tempObj.prefab.meta": 1588584052193.7188,
  "D:\\CoCos3DLst\\AStarDemo\\Demo\\assets\\resoucre\\tempObj.prefab": 1588584052187.7627
}
