{
  "__type__": "cc.EffectAsset",
  "_name": "pipeline/skybox",
  "_objFlags": 0,
  "_native": "",
  "techniques": [
    {
      "passes": [
        {
          "rasterizerState": {
            "cullMode": 0
          },
          "program": "pipeline/skybox|sky-vs:vert|sky-fs:frag",
          "priority": 245,
          "depthStencilState": {
            "depthTest": true,
            "depthWrite": false
          }
        }
      ]
    }
  ],
  "shaders": [
    {
      "hash": 1449700672,
      "glsl4": {
        "vert": "\nprecision highp float;\nlayout(binding = 23) uniform CCGlobal {\n  highp   vec4 cc_time;\n  mediump vec4 cc_screenSize;\n  mediump vec4 cc_screenScale;\n  mediump vec4 cc_nativeSize;\n  highp   mat4 cc_matView;\n  highp   mat4 cc_matViewInv;\n  highp   mat4 cc_matProj;\n  highp   mat4 cc_matProjInv;\n  highp   mat4 cc_matViewProj;\n  highp   mat4 cc_matViewProjInv;\n  highp   vec4 cc_cameraPos;\n  mediump vec4 cc_exposure;\n  mediump vec4 cc_mainLitDir;\n  mediump vec4 cc_mainLitColor;\n  mediump vec4 cc_ambientSky;\n  mediump vec4 cc_ambientGround;\n};\nstruct StandardVertInput {\n  highp vec4 position;\n  vec3 normal;\n  vec4 tangent;\n};\nlayout(location = 0) in vec3 a_position;\nlayout(location = 0) out vec4 viewDir;\nvec4 vert () {\n  viewDir = vec4(a_position, 1.0);\n  mat4 matViewRotOnly = mat4(mat3(cc_matView));\n  vec4 pos = matViewRotOnly * viewDir;\n  vec2 f = cc_matProj[3][3] > 0.0 ? vec2(4.8, 2.4) : vec2(cc_matProj[1][1]);\n  pos.xy *= vec2(cc_screenSize.y * cc_screenSize.z, 1.0) * f;\n  pos.zw = vec2(-0.99999 * pos.z, -pos.z);\n  return pos;\n}\nvoid main() { gl_Position = vert(); }",
        "frag": "\nprecision mediump float;\nlayout(binding = 23) uniform CCGlobal {\n  highp   vec4 cc_time;\n  mediump vec4 cc_screenSize;\n  mediump vec4 cc_screenScale;\n  mediump vec4 cc_nativeSize;\n  highp   mat4 cc_matView;\n  highp   mat4 cc_matViewInv;\n  highp   mat4 cc_matProj;\n  highp   mat4 cc_matProjInv;\n  highp   mat4 cc_matViewProj;\n  highp   mat4 cc_matViewProjInv;\n  highp   vec4 cc_cameraPos;\n  mediump vec4 cc_exposure;\n  mediump vec4 cc_mainLitDir;\n  mediump vec4 cc_mainLitColor;\n  mediump vec4 cc_ambientSky;\n  mediump vec4 cc_ambientGround;\n};\nlayout(binding = 26) uniform samplerCube cc_environment;\nvec3 unpackRGBE (vec4 rgbe) {\n  return rgbe.rgb * pow(2.0, rgbe.a * 255.0 - 128.0);\n}\nvec3 SRGBToLinear (vec3 gamma) {\n  return gamma * gamma;\n}\nvec3 ACESToneMap (vec3 color) {\n  color = min(color, vec3(8.0));\n  const float A = 2.51;\n  const float B = 0.03;\n  const float C = 2.43;\n  const float D = 0.59;\n  const float E = 0.14;\n  return (color * (A * color + B)) / (color * (C * color + D) + E);\n}\nvec4 CCFragOutput (vec4 color) {\n  #if !CC_USE_HDR\n    color.rgb = sqrt(ACESToneMap(color.rgb));\n  #endif\n  return color;\n}\nlayout(location = 0) in vec4 viewDir;\nvec4 frag () {\n  #if USE_RGBE_CUBEMAP\n    vec3 c = unpackRGBE(texture(cc_environment, viewDir.xyz));\n  #else\n    vec3 c = SRGBToLinear(texture(cc_environment, viewDir.xyz).rgb);\n  #endif\n  return CCFragOutput(vec4(c * cc_ambientSky.w, 1.0));\n}\nlayout(location = 0) out vec4 cc_FragColor;\nvoid main() { cc_FragColor = frag(); }"
      },
      "glsl3": {
        "vert": "\nprecision highp float;\nuniform CCGlobal {\n  highp   vec4 cc_time;\n  mediump vec4 cc_screenSize;\n  mediump vec4 cc_screenScale;\n  mediump vec4 cc_nativeSize;\n  highp   mat4 cc_matView;\n  highp   mat4 cc_matViewInv;\n  highp   mat4 cc_matProj;\n  highp   mat4 cc_matProjInv;\n  highp   mat4 cc_matViewProj;\n  highp   mat4 cc_matViewProjInv;\n  highp   vec4 cc_cameraPos;\n  mediump vec4 cc_exposure;\n  mediump vec4 cc_mainLitDir;\n  mediump vec4 cc_mainLitColor;\n  mediump vec4 cc_ambientSky;\n  mediump vec4 cc_ambientGround;\n};\nstruct StandardVertInput {\n  highp vec4 position;\n  vec3 normal;\n  vec4 tangent;\n};\nin vec3 a_position;\nout vec4 viewDir;\nvec4 vert () {\n  viewDir = vec4(a_position, 1.0);\n  mat4 matViewRotOnly = mat4(mat3(cc_matView));\n  vec4 pos = matViewRotOnly * viewDir;\n  vec2 f = cc_matProj[3][3] > 0.0 ? vec2(4.8, 2.4) : vec2(cc_matProj[1][1]);\n  pos.xy *= vec2(cc_screenSize.y * cc_screenSize.z, 1.0) * f;\n  pos.zw = vec2(-0.99999 * pos.z, -pos.z);\n  return pos;\n}\nvoid main() { gl_Position = vert(); }",
        "frag": "\nprecision mediump float;\nuniform CCGlobal {\n  highp   vec4 cc_time;\n  mediump vec4 cc_screenSize;\n  mediump vec4 cc_screenScale;\n  mediump vec4 cc_nativeSize;\n  highp   mat4 cc_matView;\n  highp   mat4 cc_matViewInv;\n  highp   mat4 cc_matProj;\n  highp   mat4 cc_matProjInv;\n  highp   mat4 cc_matViewProj;\n  highp   mat4 cc_matViewProjInv;\n  highp   vec4 cc_cameraPos;\n  mediump vec4 cc_exposure;\n  mediump vec4 cc_mainLitDir;\n  mediump vec4 cc_mainLitColor;\n  mediump vec4 cc_ambientSky;\n  mediump vec4 cc_ambientGround;\n};\nuniform samplerCube cc_environment;\nvec3 unpackRGBE (vec4 rgbe) {\n  return rgbe.rgb * pow(2.0, rgbe.a * 255.0 - 128.0);\n}\nvec3 SRGBToLinear (vec3 gamma) {\n  return gamma * gamma;\n}\nvec3 ACESToneMap (vec3 color) {\n  color = min(color, vec3(8.0));\n  const float A = 2.51;\n  const float B = 0.03;\n  const float C = 2.43;\n  const float D = 0.59;\n  const float E = 0.14;\n  return (color * (A * color + B)) / (color * (C * color + D) + E);\n}\nvec4 CCFragOutput (vec4 color) {\n  #if !CC_USE_HDR\n    color.rgb = sqrt(ACESToneMap(color.rgb));\n  #endif\n  return color;\n}\nin vec4 viewDir;\nvec4 frag () {\n  #if USE_RGBE_CUBEMAP\n    vec3 c = unpackRGBE(texture(cc_environment, viewDir.xyz));\n  #else\n    vec3 c = SRGBToLinear(texture(cc_environment, viewDir.xyz).rgb);\n  #endif\n  return CCFragOutput(vec4(c * cc_ambientSky.w, 1.0));\n}\nout vec4 cc_FragColor;\nvoid main() { cc_FragColor = frag(); }"
      },
      "glsl1": {
        "vert": "\nprecision highp float;\nuniform mediump vec4 cc_screenSize;\nuniform highp mat4 cc_matView;\nuniform highp mat4 cc_matProj;\nstruct StandardVertInput {\n  highp vec4 position;\n  vec3 normal;\n  vec4 tangent;\n};\nattribute vec3 a_position;\nvarying vec4 viewDir;\nvec4 vert () {\n  viewDir = vec4(a_position, 1.0);\n  mat4 matViewRotOnly = mat4(mat3(cc_matView));\n  vec4 pos = matViewRotOnly * viewDir;\n  vec2 f = cc_matProj[3][3] > 0.0 ? vec2(4.8, 2.4) : vec2(cc_matProj[1][1]);\n  pos.xy *= vec2(cc_screenSize.y * cc_screenSize.z, 1.0) * f;\n  pos.zw = vec2(-0.99999 * pos.z, -pos.z);\n  return pos;\n}\nvoid main() { gl_Position = vert(); }",
        "frag": "\nprecision mediump float;\nuniform mediump vec4 cc_ambientSky;\nuniform samplerCube cc_environment;\nvec3 unpackRGBE (vec4 rgbe) {\n  return rgbe.rgb * pow(2.0, rgbe.a * 255.0 - 128.0);\n}\nvec3 SRGBToLinear (vec3 gamma) {\n  return gamma * gamma;\n}\nvec3 ACESToneMap (vec3 color) {\n  color = min(color, vec3(8.0));\n  const float A = 2.51;\n  const float B = 0.03;\n  const float C = 2.43;\n  const float D = 0.59;\n  const float E = 0.14;\n  return (color * (A * color + B)) / (color * (C * color + D) + E);\n}\nvec4 CCFragOutput (vec4 color) {\n  #if !CC_USE_HDR\n    color.rgb = sqrt(ACESToneMap(color.rgb));\n  #endif\n  return color;\n}\nvarying vec4 viewDir;\nvec4 frag () {\n  #if USE_RGBE_CUBEMAP\n    vec3 c = unpackRGBE(textureCube(cc_environment, viewDir.xyz));\n  #else\n    vec3 c = SRGBToLinear(textureCube(cc_environment, viewDir.xyz).rgb);\n  #endif\n  return CCFragOutput(vec4(c * cc_ambientSky.w, 1.0));\n}\nvoid main() { gl_FragColor = frag(); }"
      },
      "builtins": {
        "globals": {
          "blocks": [
            {
              "name": "CCGlobal",
              "defines": []
            }
          ],
          "samplers": [
            {
              "name": "cc_environment",
              "defines": []
            }
          ]
        },
        "locals": {
          "blocks": [],
          "samplers": []
        }
      },
      "defines": [
        {
          "name": "CC_USE_IBL",
          "type": "number",
          "defines": [],
          "range": [
            0,
            2
          ]
        },
        {
          "name": "CC_USE_HDR",
          "type": "boolean",
          "defines": []
        },
        {
          "name": "USE_RGBE_CUBEMAP",
          "type": "boolean",
          "defines": []
        }
      ],
      "blocks": [],
      "samplers": [],
      "attributes": [
        {
          "name": "a_position",
          "type": 15,
          "count": 1,
          "defines": [],
          "format": 32,
          "location": 0
        }
      ],
      "varyings": [
        {
          "name": "viewDir",
          "type": 16,
          "count": 1,
          "defines": [],
          "location": 0
        }
      ],
      "record": null,
      "name": "pipeline/skybox|sky-vs:vert|sky-fs:frag"
    }
  ],
  "combinations": []
}